Posted At,Job Title,Company Name,Company Link,Company Location,Job Type,Job Salary,Job Experience Level,Job Education,Job Description
Posted 2 days ago·,Software Quality Engineer - Media,Apple,https://www.indeed.com/cmp/Apple?campaignid=mobvjcmp&from=mobviewjob&tk=1ht58mp6vj47380d&fromjk=108930a2c9292fc8,"San Diego, CA",Full-time,"$109,012.79-$189,500.00 a year",No experience required,No specific education required
Posted 2 days ago·,Perception Quality Engineer,Apple,https://www.indeed.com/cmp/Apple?campaignid=mobvjcmp&from=mobviewjob&tk=1ht58mu1pk6co804&fromjk=968a904ba9dc1380,"San Diego, CA",,"$102,000",Senior Level,No specific education required
Posted 1 day ago·,Senior Bioinformatics Quality Engineer I,Exact Sciences Corporation,https://www.indeed.com/cmp/Exact-Sciences?campaignid=mobvjcmp&from=mobviewjob&tk=1ht58n5shh7id800&fromjk=00173529d83e5bcb,"San Diego, CA",Full-time,"$119,000-$190,000 a year",No experience required,No specific education required
Posted 3 days ago,Quality Manager,AppleOne,https://www.indeed.com/cmp/AppleOne?campaignid=mobvjcmp&from=mobviewjob&tk=1ht58n9ooii31800&fromjk=969494474b8abf7e,"San Diego, CA 92121",Full-time,"$90,000-$100,000 a year",No experience required,No specific education required
Posted 1 day ago·,macOS Build Quality Engineer,Apple,https://www.indeed.com/cmp/Apple?campaignid=mobvjcmp&from=mobviewjob&tk=1ht58nn8pii31800&fromjk=958c40cd843fdeb3,"Cupertino, CA",Full-time,"$107,500-$223,500 a year",No experience required,No specific education required
Posted 2 days ago·,LiveOn Product Quality Engineer,Apple,https://www.indeed.com/cmp/Apple?campaignid=mobvjcmp&from=mobviewjob&tk=1ht58ns3c2g8p000&fromjk=7edb2832fd9509fb,"Cupertino, CA",Full-time,"$148,200-$223,100 a year",No experience required,No specific education required
Posted 2 days ago·,HID - Firmware Quality Engineer,Apple,https://www.indeed.com/cmp/Apple?campaignid=mobvjcmp&from=mobviewjob&tk=1ht58o117jc8v801&fromjk=13262c05bb60ade6,"Cupertino, CA",,"$138,900",Mid level,No specific education required
Posted 2 days ago·,Senior Supplier Quality Engineer,Cepheid,https://www.indeed.com/cmp/Cepheid?campaignid=mobvjcmp&from=mobviewjob&tk=1ht58ouu9ii3n801&fromjk=f4ec511bee8ced79,"Sunnyvale, CA 94089•Hybrid work",Full-time,"$103,000-$154,533 a year",Senior Level,Bachelor’s Degree
Posted 1 day ago·,Senior Quality Engineer,Amex,https://www.indeed.com/cmp/American-Express?campaignid=mobvjcmp&from=mobviewjob&tk=1ht58p3sgk63o800&fromjk=fc2fe47253feaaa6,"Palo Alto, CA•Hybrid work",,"$110,000",Mid level,Master’s Degree
