Posted At,Job Title,Company Name,Company Link,Company Location,Job Type,Job Salary,Job Experience Level,Job Education,Job Description
Today·,MES Engineer,Teamware Solutions (quantum leap consulting).,https://www.indeed.com/cmp/Teamware-Solutions-(quantum-Leap-Consulting).?campaignid=mobvjcmp&from=mobviewjob&tk=1hs6ai0v0iofl800&fromjk=165a5bbfd15dd2b9,Remote,Contract,$55 - $65 an hour - Contract,Mid level,Bachelor’s Degree
Today·,Systems Engineer,JAMY INTERACTIVE,https://www.indeed.com/cmp/Jamy-Interactive-d9faf436?campaignid=mobvjcmp&from=mobviewjob&tk=1hs6ai4t6k560800&fromjk=dd9aa7f8f4ce9463,Remote,Contract,$38.89 - $46.84 an hour - Contract,Entry level,No specific education required
Today·,Systems Engineer,Calibery Software LLC,https://www.indeed.com/cmp/Calibery-Software-LLC?campaignid=mobvjcmp&from=mobviewjob&tk=1hs6ai8sp2flu009&fromjk=47f3a26b1305de89,Remote,Contract,$42.05 - $50.64 an hour - Contract,Entry level,No specific education required
Posted 1 day ago·,Process Engineer- Semiconductor,Prime Consulting Inc,https://www.indeed.com/cmp/Prime-Consulting-Inc-f2829749?campaignid=mobvjcmp&from=mobviewjob&tk=1hs6aictmlels808&fromjk=a2b75dfd31132c6c,"Austin, TX•Remote","Full-time
Contract","$60 - $70 an hour - Full-time, Contract",Senior Level,Master’s Degree
Posted 2 days ago·,Biomedical Engineer - Freelance (medlance.co),MedLance,https://www.indeed.com/cmp/Medlance?campaignid=mobvjcmp&from=mobviewjob&tk=1hs6aihujkmee800&fromjk=2be28ad29207437f,Remote,Contract,$30 - $300 an hour - Contract,No experience required,Master’s Degree
Just posted·,"Human Factors Engineer, Senior",Visionary Consulting Partners - Contractor,https://www.indeed.com/cmp/Visionary-Consulting-Partners?campaignid=mobvjcmp&from=mobviewjob&tk=1hs6aimmnhan3800&fromjk=77df7981c0e938d3,Remote,"Full-time
Contract","$54.12 - $59.59 an hour - Full-time, Contract",No experience required,No specific education required
Just posted·,Patent Classifier - Electrical Engineering Background,Marathon TS,https://www.indeed.com/cmp/Marathon-Ts-1?campaignid=mobvjcmp&from=mobviewjob&tk=1hs6airikkmdj800&fromjk=a57abd395ea3f56a,Remote,"Full-time
Contract","$40,000 - $46,000 a year - Full-time, Contract",No experience required,No specific education required
Posted 3 days ago·,Computing Engineer,JAMY INTERACTIVE,https://www.indeed.com/cmp/Jamy-Interactive-7?campaignid=mobvjcmp&from=mobviewjob&tk=1hs6aj0folels800&fromjk=13f1be23164bf6aa,"Santa Clara, CA•Remote",Contract,$32.82 - $39.53 an hour - Contract,Entry level,No specific education required
Posted 1 day ago·,Senior Controls Engineer,e sol,https://www.indeed.com/cmp/E-Sol-2?campaignid=mobvjcmp&from=mobviewjob&tk=1hs6aj6dv2flu002&fromjk=f3b3892fefe4889a,Remote,"Full-time
Contract","$40 an hour - Full-time, Contract",Senior Level,No specific education required
Posted 1 day ago·,Nuclear Electrical/I&C Responsible Design Engineers - REMOTE,GSE Workforce Solutions,https://www.indeed.com/cmp/Gse-Workforce-Solutions?campaignid=mobvjcmp&from=mobviewjob&tk=1hs6ajeciimj5801&fromjk=66896d4dcf3331db,"Naperville, IL 60563•Remote",Contract,$75 - $95 an hour - Contract,Senior Level,No specific education required
Just posted·,"Human Factors Engineer, Expert",Visionary Consulting Partners - Contractor,https://www.indeed.com/cmp/Visionary-Consulting-Partners?campaignid=mobvjcmp&from=mobviewjob&tk=1hs6ajj4rkmeb80i&fromjk=6471158cee69b932,Remote,"Full-time
Contract","$25 - $55 an hour - Full-time, Contract",Entry level,No specific education required
