Posted At,Job Title,Job Link,Company Name,Company Link,Company Location,Job Type,Job Salary,Job Experience Level,Job Education,Job Description
Active 2 days ago,Physical Therapist,https://www.indeed.com/pagead/clk?mo=r&ad=-6NYlbfkN0DIX4_LiqTvUrp9wNGl-SKq1Oxeu1mhGiUpYCXbDugiz97K8lw8RMT25Jv9GeqGe3MX-DLsuLBuBK7Ce4e3zwMLK838-HKNBt0app5b_rv3hCmXfw4Qtv4SDX3BTZkKCLqDUcEGpcGj01zNteq1wvUvI4Vw46132bTu4oBzlXZsGMHhhG_TQGDSpIbVf71Q_VP5va4HOu5ltv138_o-lw2NI7Zf658V99haKU-ucCwv-J3QepTz3lEHgx7pzEssAcOWkZVs_mQPSaG1uVYZPq0etoENOoTZwY2M7URQmBVmCmZbpmDkJuXukZCinpKjwxD6DeyV-rnzQTKtXkWBIh0Kf_vuPmqlDpo_LmaY6n7DhFf1bLNsU_IftVUzmK4r-b9DBNbvoXJL5rC4srPJRZGyr3XzVp7uq2Mmuhnx0sKt0Cpa0QsKHG-D8osO49FSGkvx9hAbmNjEuEMduT7Y0zAycPyHw_cUv8f_XrRHOaOa2P_va4daKQL841q7LaadbRsW0kiO1_y6kqFDtBxhEReXuG2BMRsaZm7lqeI_-UYH8XsXhxZ6mDOoRG_LoxSnzHg19486mbzNqhC1rk5geQ9D1NwglLJuudbDSV7DfTuuI62zMkFBKpPy7MRnHtrF2REoouVlNUmNUQ==&xkcb=SoC56_M3A1GrX2w3wB0LbzkdCdPP&camk=nUmJqO2E8rj6wPAJF1i5Vg==&p=0&fvj=1&vjs=3&tk=1hvl793u2gsop884&jsa=8636&oc=1&sal=1,Bergen Medical Sports & Spine,https://www.indeed.com/cmp/Bergen-Medical-Sports-&-Spine-3?campaignid=mobvjcmp&from=mobviewjob&tk=1hvl79idrkcli801&fromjk=8c5c049bf7e88c94,"1 Sears Drive, Paramus, NJ 07652",,$55-$65 an hour,No experience required,No specific education required
,Physical Therapist- Sapphire Nursing and Rehab,https://www.indeed.com/pagead/clk?mo=r&ad=-6NYlbfkN0CFomE1dbmgWMP9ihGq3Lovs3ho3uepEHEe2rAHkyzHyxrjfHtoGrkxCw_Nt8401-xd747AWrcSw8faW1bWfxX7tzUrnvswxj77cNenwO5Z15TFbFxjB1vh1hSH9DiJzZTm6EvOoC-fprtIzBJ_EFZ1L0NB2wOf_3n7fPY4ZTSv0yTmOqWP8Op6rWHRGr9DphlQ-dPClU5AGBm9IoDVxuMRMLkegK3rWe2ENgEHqgixsD6Lpoy4mVNltFiT460XRZtccn5q4Gi5hGkcRn9Lxt5O0UiugP70Ddy9NRD-Tyif2G_ew94CJKAPOyPkClTTMQ_s8yruWBLs1rZx4dt5DdG27WmHbVt8KSw3zXtI0_v151OBp7o4zS6bPZW_qw03cK6SUmJ9YLvBfu2YeQkbZ1zEYOipfQGWfhVHdYxoOxr8bI8qYyhgid1SsqMasg4sjX0Kh6iGCHH9F2-oNAKVs5O8lnzYAwvBHjspXhtLWSyPBqbxHbgzRwl4U4SgQf7cvVf5nito2q9ndvCvdDtfdKZTmaF63Q_IJ1EldiX2g2Ks7QT4xGuzPURGas1uwSafrbxZ7VIXouMX_nhNx6CbWe9Kbxtore91RMTEE8LiZHgfAFBqI2G7iWePbq46biiSQvYPayvzJINkb0oFL39LfrzK86Wc3esorVmn6EgCQsLKPfdKKTD4csCt&xkcb=SoAN6_M3A1GrX2w3wB0KbzkdCdPP&camk=nUmJqO2E8ri_q9Ua_Z8ujA==&p=1&fvj=1&vjs=3&tk=1hvl793u2gsop884&jsa=8636&oc=1&sal=1,,,,,,,
Active 6 days ago,Physical Therapist,https://www.indeed.com/pagead/clk?mo=r&ad=-6NYlbfkN0CkBfMC0anaOoR2qTW8U4O5SJ6Qer7RwehSOFZpJnEllWsLTOwwlQui8RQcDjEM4Y7mrCl5QTxdioFl-VtN7BdsYrgQq4wtHm72iZNnIPwlMqNc2DJEZOqg9ApWtQjgJM6kM2sLsvwUYbZWcO-dvrpBVPlcIZushy6wIdB-ohT-Lr3OR5vTCLgjk_bWge9q_ndLbuktDwU-3jj6vryzi_7iYetKF87ksaOD1jOjcaPUXaIJy9hnGNciUqcr4Yf-536Lmb2ukEdSnE4X__Jv9Y7KfttbzRWqUTGctdu9El8NEPKN87NA9ZIbk9XDBs2oVHxWgc9CM23ozvcdU7AN-yVQrjTzvyQTRqwwFXyWChwdHM7F93TciSBgKDq7TXFQR8VktJ5Y3hEJmbU5YpayBgCg_7I1k7URRR9DVKSxlnDP8pXPnHv_mywxBcgub262RsBhejroGL6hBEc2tTIBgTe_kCxPMnvpEY9Dvbv-eHHmwVqJ_3-M5nNXuJmaP4OFM7Dq_OfhYcTHIcc77CXGGE2KCqFMpubOclWa6IQe5G305IJcFFILw7CNNU5lIEQPzq3hB2hKubVecl4pUxBLH6tyXH840vZUxG2DAbSRaL2mR6smKhSVoj64znPK08i2pdGOMQwdkBVgCA==&xkcb=SoCQ6_M3A1GrX2w3wB0JbzkdCdPP&camk=nUmJqO2E8rjScFa9x0nDEQ==&p=2&fvj=1&vjs=3&tk=1hvl793u2gsop884&jsa=8636&oc=1&sal=1,Freeborn Wellness,https://www.indeed.com/cmp/Freeborn-Wellness-1?campaignid=mobvjcmp&from=mobviewjob&tk=1hvl7accnia2m80j&fromjk=c58d3b304094cc77,"515 Harrison Avenue, Centralia, WA 98531",,"$75,000-$95,000 a year",No experience required,No specific education required
,Physical Therapist Outpatient - Sports Medicine and Ortho - Bullitt County,https://www.indeed.com/pagead/clk?mo=r&ad=-6NYlbfkN0A-DkOMs7w4dEqYn5__s57M1IczKY7ON1Ev3MM2-zoYqngBrQgHWdH7p_iOa1raADhOSTPU28viyNdj9oaIROgzIyz9Giq08Q1Db-yOCrTghVlzz13RV2mDfzBeKKw1OAZISlGM2OXERIE9rWUYUtw6J7_Tv3kVM5INeeFOQ1LcFWaNZrHP4MxPYNe1M-iPRw3KNT6Yzu0HGoEYFXdcjaYrSyZ_ztxVDO8sGH-qouKEOSv6L52J4yLuEsZtxOFd7Gxl4X2auPhRfe3bJ-d43__V0p2zLIzA-3DuoOPOlQurUX4aAtpxjOArzvQympPhsjiVKtSzh8f6AcOBLhRJUo13HnfX4rwXkuR0Clu0V9SeBXrdMj0pkLIHEkwVBERpeZlTYJ8pSl-9dhCip15yqN5TGrc8qdMk5XMiqv9j6s_JnZSznoLPC_Yn0nLVIlZex21JxijCpaBPFqbIc7ZNsv-2bE6mC-1JX8TLSCgukoWDBIWyX7B4A_8sKqRihTOtfSCNIFe2OicTBLBCUPWeilTd2VDjcgBF5xEaC3aiedFQLTxcoWynaYZ2np9ehSEmjT2oIjb9PpgvrF9Vk14EInwrkNrIb5NLUHqFiIuBuoyCsW3xfArhU_kTmUBBUwcgzocjwNpuU-HeiXvKjBJMHtQt2hg2i5nkdmGGVdGgRg3aK8R-YQsZxj15UrC4ZbnnyN-fWSgW_iGI5VkZLe2SMChGtE_785CxpenLjehV3nQftmpJlLqYD2r4qvHYKGkYNiirN_In21uyFH2EA4FkCAVC&xkcb=SoAk6_M3A1GrX2w3wB0IbzkdCdPP&camk=nUmJqO2E8riydi2JSLJOjg==&p=3&fvj=1&vjs=3&tk=1hvl793u2gsop884&jsa=8636&oc=1&sal=0,UofL Health – Frazier Rehabilitation Insititute,https://www.indeed.com/cmp/Uofl-Health-Main?campaignid=mobvjcmp&from=mobviewjob&tk=1hvl7aks6ia28801&fromjk=a3525b1f6cbacb9d,"1905 W Hebron Ln, Shepherdsville, KY 40165",,,No experience required,No specific education required
Active 2 days ago,Pelvic Floor Physical Therapist,https://www.indeed.com/pagead/clk?mo=r&ad=-6NYlbfkN0BEHlszilRaVN-gMZ8vVeaoKHcqJbbtMBg20qJ9kg-_I8IcKOAwUndwB1m4yqz4sMUKx0GWjDVdzWyg3GndcOHig1YuUkEEme1st-9juqeq2O8YwJDswSs0cvUSLvQdED5LcFjY2mCx_WgWvLSIhHpqbrrQbLpyhwqg4UGKCZNvlg89brJ6LN8XdRNBBa0447DSqWRe1WcP-og6xHO4bmBHbH-5VLxk_f2-7Qw9hOsFg8QI0tyxaGz7lqboSLZSRZz7biG5tUuOLpISoASydNM5GguXthTdWqPr0wv89vvC42x8eoks2b6IJxH-7ig4rUXIXUKkP-TC-cSY2rGSTeZHDuZ2zUNOR4bMKgjVdhQab7iCMfy9ESASDACx2lRsTLsfzvVPjTfSwOYqYinIm_uFw7grAbVVoe4gPhfll9Pq3U_Oso9VotClAu-qsxkVow2Fir_R7DslTu9kuebex7qa7HVrXus1Ws3y9QrU6wlMdnnE7czzvydZchGl5PVmlaIUuPjWp9cQWFb9vPodA3C_w7zMqtUTozygDOWi36-NovH4zTqsiHxfHLuY8NscWlNwQrwXiOxCgmSYt3pjtOMJkHtJtdFMnakFxOQ5R-H4XR6MojE3-wINfZtj4BXssMl3t6J2oVSdnU1_5sBedEM5tk-NamW7fzw=&xkcb=SoCq6_M3A1GrX2w3wB0PbzkdCdPP&camk=nUmJqO2E8rjm_LLC6dXetw==&p=4&fvj=1&vjs=3&tk=1hvl793u2gsop884&jsa=8636&oc=1&sal=0,Rehabilitation Management Associates,https://www.indeed.com/cmp/Rehabilitation-Management-Associates?campaignid=mobvjcmp&from=mobviewjob&tk=1hvl7atc1kclh804&fromjk=5b4a7d07a6f2c0e5,"3875 East Overland Road, Meridian, ID 83642",,,Entry level,No specific education required
,Physical Therapist,https://www.indeed.com/pagead/clk?mo=r&ad=-6NYlbfkN0ATJnUzBbsrEqK6I7ln46e5NXU9xTn5VBoEkPpdTjRA1fatJ6Be4h0qg_eyZOz8VXyorrXnGqO_JKXi1uJ6nzrG0CB2cbo1TdBiKUNcJR5RgOVQV-U-br_5TRXMUKCq43kdlvInYtMVOp4Tt9Ben0-GJaJ7de6LifoKFviXTCUxP-pDs4Xx2A0iI_XbVgDu2Dg74vYbW2DF4nH2dkxagC1j18ruuhY3VWwl7GzaGyZ5LGpVkVIeE8eh6PlUqNmWAOnghHW-mZoCWlkERutRYmlS6XcFUUR17uXP52GB7H7M5PTEdnBSgBNUICHIC_zOVTPA3Q-TseN7YfmoFEUvFcadeEzj_o5YD9bQulBz2jtpEuL38OkoIoHU7H6BjE62OfhOdM29zO6rCsYex93MQ6RgbQVqEN4cbsbHbKdVILbZwusywlCTkEfKRFKHWuaUIkwlP2aShc2k4GCSKFRFukaLQFMmducRQI1Eld4LZhcHJpgKSdcBI8s9U00kcmqr2DtG-9ufM2l3HNjEgcET-FH_FwgE_POPH8sf_cVmPfdvfoQ-0BgwvfTTI7WBjXxQr0zFbwyXDNfarUEcWCZlbx5ZUzt4ILgCX8iR6wO5mnPUC300M1eqe31waldanB9DEYNnH_kyjeQgZ6kWAGG2UT8bBZB9nY1rbrhvlk-1CPR2xg==&xkcb=SoAe6_M3A1GrX2w3wB0ObzkdCdPP&camk=4HOcmqOLYrDEpSs9PHNPRA==&p=5&fvj=0&vjs=3&tk=1hvl793u2gsop884&jsa=8636&oc=1&sal=0,Ivy Rehab for Kids,https://www.indeed.com/cmp/Ivy-Rehab-Network-1?campaignid=mobvjcmp&from=mobviewjob&tk=1hvl7b92ti4lt802&fromjk=d843258f36719b19,"Downingtown, PA 19335",,,Entry level,No specific education required
,Physical Therapist,https://www.indeed.com/pagead/clk?mo=r&ad=-6NYlbfkN0BnTJzl3kwSck5_M6WRsaPRoB6qI-FDlRCXc2i5-1S7EmToWt8MrmpH4UhtMymWpMXQ0EP9IfyxyISXUn9OcNMhGXAp27zKFWKXpWBDQ6tDYboiMR3SSDT3GTmVkUcFSlTn97C2UsyU1QJ9-Tee_Uloam8U9eBBckEY-sTLULCS5rOYuLUNiFDvbDoOc4DL2-ZpddTnt_LmHV-KlLymy-G1xcXGcJvRevdyHCzSly1s-lWqFFPPkRGNyatR2GOOTKQYgkyUBYaClRVzFqwam9_8xEL5iB8ph6d9RbyyxjPlN71vI-cEj6dGvJK5d6WosclXgSlkRsfh7l-AKCINXvIC2rPFu-YlSlks9v7rFrpYThlrmpTh4Sxfs75Iw15VSyAsxl4aO_qCkpP2XR2awyXOl9yygKYWx3QE7RwA_1_FRaPACfelI5zr6jm99SXRCLhIamIGcMZyz0y01kAeESCftfYaufxNo9NQqSrC8Eih1kYUzV8nGFRL9rCprlZCaofhPiLIMBKWrt1zoccocHDBsTOaPr6zejZUOlaCMkjQWjBE58yreHPUJBErJMGtrg5QXigy2Zmc7a3yx1RtYbT0NRs-ealTFVHX8VTx8Ll2TBx9V5iFprYSmhAM7umnBcgiVQqxMhkkcsWhBBZWUydJ&xkcb=SoCD6_M3A1GrX2w3wB0NbzkdCdPP&camk=nUmJqO2E8rg9ngfK0hlr6A==&p=6&fvj=1&vjs=3&tk=1hvl793u2gsop884&jsa=8636&oc=1&sal=1,Vascular Centers of America,https://www.indeed.com/cmp/Vascular-Centers-of-America?campaignid=mobvjcmp&from=mobviewjob&tk=1hvl7bleug2ok809&fromjk=050c533c2295baf1,"25130 Southfield Road, Southfield, MI 48075",,$52-$56 an hour,No experience required,No specific education required
Active 2 days ago,"Pediatric Physical Therapist- Outpatient/Early Intervention, In home",https://www.indeed.com/pagead/clk?mo=r&ad=-6NYlbfkN0B6cOb1PnaC_JZTrdBHBNKdc4jZKN-0C8biVhOLaKCjZpTP5kn95GxanzwfI0-jF8rFrw45mugsEJC3fdtmxpZ-03GsXQCuWOKCRe7Fwziuti9WQM9TifYXMzTk6XQMjcqOnW4Qxdw8Vjh1pi-74QbIpKt7W3uu6pfV4PU6swL_xp1idSoIoTW9vsfvewKWhVGz8tjFlnICfSOROkZPfoY89oW7u-sopcr4T4sBhtt8XeMlHrDPVDQDdkdxUGXkwNIgCNh9K_0oUrt8fHl4tCsoQnELCENtm9xnEQKiDD71K1T0MAWYgTgbqrLuynRY9VL6KvJKubHv1w3gfPPyu76OYHElL3Z7AhbH7WHQarx_gX4og0gxr79Tcq93Tv3hJRVde5KmtXFwh45bKs7CMEbBE0P6DST2jdIzeqk0VpuliJJQArqHPbZRwPMmL9BWOTjG2lnPrzysvvtfIP2H79Ymy18sHmbR8AnglCt1okZdBRsamcoVfLRCDp1Dm6H-UqfteTQorsDuoA619hUwR-_6_nmYzyiBTW72LgYlGo1OQifk3QpciyvkmXPP15TXESDgqjmOxrc9zsIS3xfAqQlJclLJVzxTPEgd-YhTspR59TS16Mrv_uTgsuYzknsdVWvjDPFiri3sIwPzIL47wBom9DTUJsav9ItCnTfX2jiqX7TyWzqehgb1R0HEvp7VDg3ScG93E_XwIQ==&xkcb=SoA36_M3A1GrX2w3wB0MbzkdCdPP&camk=nUmJqO2E8rgVTFsAumWTdA==&p=7&fvj=1&vjs=3&tk=1hvl793u2gsop884&jsa=8636&oc=1&sal=1,"Therapy South, PC",https://www.indeed.com/cmp/Therapy-South-2?campaignid=mobvjcmp&from=mobviewjob&tk=1hvl7cch0i3ac8bt&fromjk=9ccd68f48f00944e,"Chula Vista, CA 91910",,From $60 an hour,No experience required,Master’s Degree
Posted 2 days ago,Outpatient Physical Therapist | Mary & Elizabeth Hospital,https://www.indeed.com/pagead/clk?mo=r&ad=-6NYlbfkN0A-DkOMs7w4dEqYn5__s57M1IczKY7ON1Ev3MM2-zoYqngBrQgHWdH7p_iOa1raADjCklABj7w9AOad796vwQVW5_yDIFBlkvnwtW0Sypq0amsDywMY1hJa9BYqHJ28wQ1uBUrQXFcnI8mWXqxxrgmulZs9zFTpsJvGXkSKgr6xeVhk_jFQUeXJz5xAvbLKE59OWxNM9QYEKfln4dAIikgIL_T3LzQ2sWIEu3keyHld2DHce-RfqoEH5L9m8QFwG71nr5Y0qkYLFuVHyOeHX3KragplBTIhGDlkse3iRiRHtpcObzxn-CV4Qf47Q43bIsL20UWc-Uk6YD6emarIqBnwVZVHljKJvZRwrDnV6epqnjH8lcnf7mHxujfEVrYCRFM6zKKKLFznOfv8J6zM43L-KjR5tHtMgYpFCWhuXumSloGqRIOfZz4_GemFLa9RY9zFkVouc3UjWCG-FvIKPkPQyNK9BEowp0Ac1D8Th8hxNscuz9hDg3ptby9pABOGCC3JAeb4au9UF7UkvI7CpVSWFgvKFHEW5vlDhQHQCKiFaiL27Ddmn7-GK5qjj1Ttn1gtJU9l6Npmi8updkbcafTpkg749SgaEnsO6E39KyFoSaMKIAUEE4xGT3yapE1QIEoXT1iKAGelylU2e8_gdP8ScRv1acDY27LUQVUxm_Lw0XmI0u9og6UV65xCYwN9-p6oP6kNuc2_p21HDmj_iYeh7q_4qESr3c-mEn0Hj1J6YRHLNl_kzt2bXjIrIAigpBX3eiFRQ9HnyQ1p6jwG4lR4&xkcb=SoDe6_M3A1GrX2w3wB0DbzkdCdPP&camk=nUmJqO2E8riydi2JSLJOjg==&p=8&fvj=1&vjs=3&tk=1hvl793u2gsop884&jsa=8636&oc=1&sal=0,UofL Health – Frazier Rehabilitation Insititute,https://www.indeed.com/cmp/Uofl-Health-Main?campaignid=mobvjcmp&from=mobviewjob&tk=1hvl7cu0f28um003&fromjk=cd7632e90a22d22c,"4402 Churchman Avenue, Louisville, KY 40215",,,Entry level,No specific education required
Active 3 days ago·,HOSPITAL PHYSICAL THERAPIST II,https://www.indeed.com/rc/clk?jk=9ccdc1f2d9376077&bb=HPMCOeOJ3EG6FBfyt6OapLd2dQBDdLByiXAplySKewkofogkM7rhTy3R_aOFOU2Y6TCkBoXzEGjxDskZZM5sheJuE4f2hFF6XtIeETFgWPk5ExIOFNsbNlRykV7uwpGo&xkcb=SoCe67M3A1GrX2w3wB0CbzkdCdPP&fccid=6426202ecd0ec746&cmp=Guam-Memorial-Hospital-Authority%2C-is-a-government-owned-public-hospital%2C-a-201-bed-facility.-Guam-offers-a-beautiful%2C-tropical-climate-with-an-abundance-of-recreational-activities.&vjs=3,Guam Memorial Hospital Authority,"https://www.indeed.com/cmp/Guam-Memorial-Hospital-Authority,-Is-A-Government-Owned-Public-Hospital,-A-201-Bed-Facility.-Guam-Offers-A-Beautiful,-Tropical-Climate-With-An-Abundance-of-Recreational-Activities.?campaignid=mobvjcmp&from=mobviewjob&tk=1hvl7ddtfi3b1803&fromjk=9ccdc1f2d9376077","Tamuning, GU 96913",,$26.90-$34.54 an hour,Entry level,Bachelor’s Degree
,Outpatient Orthopedic Physical Therapist,https://www.indeed.com/pagead/clk?mo=r&ad=-6NYlbfkN0BC7J6gdu6MjUN9Yx1LIMc7gdKT8-o4BSLX68awcNCX8STm8ZkoPernuEUbag3a_kGFI7mwGgXzRlp-k1epZR37NIyeB4rnNzZFZqVPQFeMyPIPz_DpCH26K4qvOZ_sYfZJNvSXJP-94j-DLFF3JFZN9ysiDMrrJ_lrqAYMbFBNbtWrR_IPO4xxeJpNuwxlbOXFntUVEmJFU2gySS76Xkyw8wULP_Y1QNShAP794bBWdN9wUXev7w3ZE_xJNMOPXCV1RvpwLOkgYv8Iap-xlxlILQYZzNmq6QKOFjR0EWAmF1kCyQgYp3rltsySD4QCAaq7970uKvbEUeg4skab_icuXnu_iTUDz5KRuto3G3Y9LjZTK51W2rM19ovIatcZHEQ3hRWQx7_nfF2QAcsRY5qHvFPhRCw3YyhE8N1lvt9-9P03Z5vVz1mzrVODEvvAA49UZyY69Bk5ioElLlSL3fQbPS8yFD0cSVceIhUWBF2LmwOlq8sbEkSHRGgvMrMKGW7wCnQ_TA_M-hy-_7lsC8JXUM010hEAXI8dA7_nIXxJLjwdOo-HhWvt95oheteGhNn7F5H-Vi1rYHmH0R_AXjMeY7kAAUvbRGE76k_9pq41dA18SvcMegnrKLPdFTmiW7md23WgdPpH5kEH4rEz-UjyA0Swc0rLgpLx0-rVhZBZPA==&xkcb=SoD36_M3A1GrX2w3wB0BbzkdCdPP&camk=nUmJqO2E8rjnuS-L-OklKw==&p=10&fvj=1&vjs=3&tk=1hvl793u2gsop884&jsa=8636&oc=1&sal=1,Set Physical Therapy,https://www.indeed.com/cmp/Set-Physical-Therapy-1?campaignid=mobvjcmp&from=mobviewjob&tk=1hvl7dt6228um022&fromjk=2ed7853907cac078,"2401 M Street NW, Washington, DC 20037",,"From $86,000 a year",No experience required,No specific education required
,"Physical Therapist-KORT-Shepherdsville, KY (Brooks)",https://www.indeed.com/rc/clk?jk=c76a3c521a0f32d5&bb=HPMCOeOJ3EG6FBfyt6OapHglytIl3V3CUECnf87JDyahoOS11AWAQNoOnrQaHY_UJ3rTXaNVdguRWt4wQM2el3Cpg-NpZrd8zbHG3GZ_B7guSYiWzZBysQRs9M-gAWn0&xkcb=SoC367M3A1GrX2w3wB0AbzkdCdPP&fccid=ba368e893cdf40c7&vjs=3,Kentucky Orthopedic Rehab Team,https://www.indeed.com/cmp/Kentucky-Orthopedic-Rehab-Team-(kort)?campaignid=mobvjcmp&from=mobviewjob&tk=1hvl7e5udia2s804&fromjk=c76a3c521a0f32d5,"1868 West Hebron Lane, Shepherdsville, KY 40165",,"From $68,000 a year",No experience required,No specific education required
Just posted·,Physical Therapist,https://www.indeed.com/rc/clk?jk=abac5ee48df29f64&bb=HPMCOeOJ3EG6FBfyt6OapBe4oCZeaAa_j8Dt2DpJd5_YANojCjqVuE8hqhP-KDVHxl0F_YAzYIy6NIdsqSJfPQlOgZ6ShTHeIg1nLkkVPDL6suBVNsvskaSNj5Fl7yNp&xkcb=SoA567M3A1GrX2w3wB0HbzkdCdPP&fccid=70769ce8125d294b&cmp=Glow-Bright-Therapy&ti=Physical+Therapist&vjs=3,Glow Bright Therapy,https://www.indeed.com/cmp/Glow-Bright-Therapy?campaignid=mobvjcmp&from=mobviewjob&tk=1hvl7eforgfqp804&fromjk=abac5ee48df29f64,Remote,,$52-$58 an hour,Senior Level,No specific education required
Active 2 days ago,Physical Therapist - Bonuses and Flexible Scheduling!,https://www.indeed.com/pagead/clk?mo=r&ad=-6NYlbfkN0DKBuQORlrCWO8bfP0DCAsSt8SIWuUowKVUVHpTwdZehlGTxyyEQVLkFE9T6JX2MSNbzdexf-7vLzAQFVbN-w8G4CngF1_XYsrqsOPaLiqPxWKP6KHMyn-9rarTd8nkPmLTRWKgvoDAcaY9xJfucTwHAy7GXtzjqsBfJ0r3ReWCdsHQz-T5kxO1Rm4xbPxVvzsxbflqHuEjumaDSv1wxT1ex_fjOttTNqKFS9YZKlsfLir1-BFksVCahOCR1nKrYxyc-IN5eRUeuc4hZwBX0HIoL7FwTana92vDhdSSVHaGJV4zi9C-SKmg1ZgqL98Znbph07ZgIqi2GwER5IgU54no9zj3j4c4l-j7iAl5A65JWwTn_mxqHnvdofoJqwJMiaGpgPZ9uJOI9Ojm3O3FWB6KfAg4qbXQ2rtKRh5nMesxHUrnFbwb3lv_D_-qT_OB_1VigAicgdg2bxfkSYV3sl84chBhFaXN7wxZUdQ9oGWF8MXAl5DMgwKq_aZn9tvsjEFeLhobDGbdWDRHwi4Ug7zQerESFKaYQ2CcDuWdrFQ1Hf-PVlsJlLSFxXvjUI_BaUau0jEp_mVOsGf0WLxiClIHj-gVxC0yGzZqlxv0kByG4klccdu1eDLCbY9917vnfJ3K2glsV1DrrptRAGeCEgH916VzANrVkajpe_qgfcbfc_B-wioNb9ita-2W27HpwsJy2o7_Anc9XKl_b0oRYkt1&xkcb=SoB56_M3A1GrX2w3wB0GbzkdCdPP&camk=nUmJqO2E8rjvc5hlESafZw==&p=13&fvj=1&vjs=3&tk=1hvl793u2gsop884&jsa=8636&oc=1&sal=1,PRN Physical Therapy,https://www.indeed.com/cmp/PRN-Physical-Therapy?campaignid=mobvjcmp&from=mobviewjob&tk=1hvl7ep04itkr806&fromjk=5811656e376c8d79,"1611 W Main St, El Centro, CA 92243",,"$95,000-$105,000 a year",No experience required,No specific education required
,Physical Therapist Can Start Asap/Skilled Nursing facility Setting,https://www.indeed.com/pagead/clk?mo=r&ad=-6NYlbfkN0DGafWyR-bJVu65t0wrBliyfHe5T_MzNbdwHQQWJyHoyJOOAG7YwuqLQaDkc96RIcx-RFyH6FJbb2gfjMczUYzdq0ppPHZ0zi9t1ZSp6GMUJbS1-mNqcQEByWTjT8b-4PNKxen498q9FGQGnSKlAsujX4y8kb2g_JlNbIIlsLaUsr5fHHQlogOn2Twcreol5utk956-PLvRgQSFkn-aLewM7L10IJ8mI38EruzE2OyBMnivBxqtOkNwiAlBooCWZPWplhT3Q22zrSKLR80D2LAnETSMkekCH97ksSsq_Ti8eWbfZ_hujvcltDSIWICi9HfVxEEsDIsUIb6MwwTFFQZuzyf92UT52wpEg5dPelfe7JbAGTYP03UT4XA6PcJV5xMh58SFzuV7HutPOrBThtkkkvB6eJSVSEZjE-qHaGVd7HXf6ER2vQ5d5nN-rIvLBVURul9XsRPH0JXEFJluGCnP9BL7m8sqMeEHQKDY6u9PQkwS_p8hWxKHz2ctewkEeNLzwJ7-BxSx2SUHF6EXL8w0oBLPmUKeODjsN0kkMUFx6GnPjKVLcGV_uF48qunbGn-ukSF-3uMiqYgEzT5yGczcLeSNrjQxrcjmbN9zEX1E72B3UhpvxgyxwJ8UAxRb_Qnx-NVvie-v5q_dvxf5gkNUdleLckkiEJ4UzlGzRS6_dxm3eVXchmCWh_wIjNNHbZNKJqQUf-i60QmFPt9c7Fu2tHzbdRU0T_Brwn7qEptc_g==&xkcb=SoDk6_M3A1GrX2w3wB0FbzkdCdPP&camk=4HOcmqOLYrDTLbBz_G376A==&p=14&fvj=1&vjs=3&tk=1hvl793u2gsop884&jsa=8636&oc=1&sal=1,Priority Care Rehab Staffing,https://www.indeed.com/cmp/Priority-Care-Rehab-Staffing?campaignid=mobvjcmp&from=mobviewjob&tk=1hvl7f40mimbd801&fromjk=3057ec19f5ff9c96,"Palm Beach Gardens, FL 33410",,$42-$58 an hour,No experience required,No specific education required
Active 4 days ago,Physical Therapist - full time (New Graduates Welcome!),https://www.indeed.com/pagead/clk?mo=r&ad=-6NYlbfkN0Bfr8qM4cgualPNkRskagEF6IXMA9GJLP6-VC8NxVfOT89q2tzo3SwnFtNcCnaZY5IbTw6MrEe8x0a4RxAwU2uYUOJzHNakGL1LjO2tFYUlhFZc9nxZQRpwGQLEqJeM6T6wpY3BorEMzMTawX7v_0lZehQCwOVJVqbF69nGjxichBBctVx9yuV9H2DOHH7l6h7o2vS1LnYQA3XYNFWa_C-Sn827M-v6t4VrX1MefJRGp1sDrRXLBvapwxf75QuwNOAWZ4QkPDgU2o75IDyohBJZknDh2WwEWeG2OyIU7mS4fiqBACw4u23t49IF_mNq_8us3dChDJrfKSNVuxqEa_M_7r2uXBEC9RcDUSZyH29Mq-XJ2Li0Yii7_Myah2pkGjaSfWII5pYxkx6RvfzyUCDnu-NhcH8YvQWsz1OUiG6FH1ihEglIUKlOUk3TScLfLZJD9Nc5Sx_hMewFAV1MLYJh5p04Ekw0213cPMuhwIOfFuZXU_FS7JRulBRnIpTFgbu2L0dx1MO59nkBoMhwK5FRJZq5FApSuX7HzwrPwxE4dQ2jL8aOy7BO1-tlNYUUJtBnDzl8HBIMDNiVsa-8Iv_P7NJ6wmankhkiBAmYR2Tp0IgzOti_pE0Mu7YtLEkIZdXU-bP5HhCvI7hc0ig6-nkDzHKiLq6ZFh9bgPKKWmT87nXCDUbGVTbp&xkcb=SoCJ6_M3A1GxxgQYox0LbzkdCdPP&camk=nUmJqO2E8rjhXviDWhLSCg==&p=0&fvj=1&vjs=3&tk=1hvl7fgloi6gp850&jsa=8302&oc=1&sal=1,PhilanthroPT,https://www.indeed.com/cmp/Philanthropt?campaignid=mobvjcmp&from=mobviewjob&tk=1hvl7ftr5kcli80j&fromjk=def86f30db8cb799,"Winchester, KY",,$35-$45 an hour,No experience required,No specific education required
